id,date,price,bedrooms,bathrooms,sqft_living,sqft_lot,floors,waterfront,view,condition,grade,sqft_above,sqft_basement,yr_built,yr_renovated,zipcode,lat,long,sqft_living15,sqft_lot15
6821102367,20150429T000000,547000,3,2.5,1570,1452,2.5,0,0,3,9,1240,330,2007,0,98199,47.648,-122.396,1670,1596
1900600015,20150227T000000,550000,3,2.5,1930,6604,2,0,0,3,7,1930,0,2014,0,98166,47.4692,-122.351,910,6604
1545808120,20140918T000000,250000,3,2,1590,8100,1,0,0,3,7,1060,530,1996,0,98038,47.3611,-122.047,1590,8100
2126059294,20150105T000000,960000,4,4.5,3720,7746,2,0,0,3,10,3720,0,2014,0,98034,47.7323,-122.165,3080,11067
1370800515,20141030T000000,2.95E+06,4,4.25,4470,5884,2,0,1,3,11,3230,1240,2010,0,98199,47.6387,-122.405,2570,6000
3319500334,20150327T000000,441000,2,1,1290,1289,2,0,0,3,7,1030,260,2005,0,98144,47.6006,-122.305,1290,1332
301400940,20150407T000000,265000,3,2.25,1489,2800,2,0,0,3,7,1489,0,2012,0,98002,47.3454,-122.214,1584,2800
2722069077,20150409T000000,430000,3,2.5,2075,39553,1,0,0,3,7,2075,0,2012,0,98038,47.3601,-122.032,1960,9047
8943600720,20140617T000000,286800,3,2.5,1413,3600,2,0,0,3,8,1413,0,2011,0,98031,47.4222,-122.193,2150,3869
7660100236,20150416T000000,375000,3,2.5,1300,1362,2,0,0,3,8,880,420,2008,0,98144,47.5893,-122.317,1300,1251
1773100921,20141215T000000,312500,3,3.25,1480,983,2,0,0,3,8,1180,300,2013,0,98106,47.5555,-122.363,1330,1062
8679200100,20150107T000000,850000,4,2.75,3320,5559,2,0,0,3,9,3320,0,2012,0,98075,47.5607,-122.031,3400,6854
3654200039,20150325T000000,390500,3,2.25,1530,1279,2,0,0,3,7,1116,414,2007,0,98177,47.7035,-122.357,1320,1427
2771602428,20141029T000000,455000,3,2.5,1180,932,3,0,0,3,8,1180,0,2010,0,98119,47.638,-122.375,1180,2632
1225039067,20150406T000000,455000,2,2,1190,1303,2,0,0,3,8,800,390,2009,0,98107,47.6675,-122.368,1670,2425
625049359,20141203T000000,515000,3,2.25,1300,1180,3,0,0,3,8,1300,0,2008,0,98103,47.6871,-122.339,1300,1174
3278606050,20150401T000000,362500,3,3.5,1710,2212,2,0,0,3,7,1400,310,2013,0,98126,47.5459,-122.368,1580,2212
5112800291,20140924T000000,460000,3,2.5,2390,47480,2,0,0,3,9,2390,0,2007,0,98058,47.4517,-122.084,1720,44866
7853360300,20140904T000000,540000,4,3.5,3510,6005,2,0,0,3,8,2750,760,2010,0,98065,47.5168,-121.87,3090,5866
6056111063,20140731T000000,230000,3,1.75,1140,1165,2,0,0,3,8,1140,0,2014,0,98108,47.5638,-122.295,1150,1552
2767704649,20140929T000000,425000,2,2.5,1320,1329,2,0,0,3,8,1180,140,2007,0,98107,47.6728,-122.374,1490,5000
7683800205,20140519T000000,298450,5,3,2100,9752,1,0,0,3,8,1200,900,2007,0,98003,47.3341,-122.304,1270,10200
9406530150,20141222T000000,344000,4,2.5,2400,4848,2,0,0,3,8,2400,0,2004,0,98038,47.3626,-122.04,1980,5199
2979800409,20140505T000000,416286,3,2.5,1408,989,3,0,0,3,8,1408,0,2005,0,98115,47.6856,-122.315,1408,1342
1085622540,20150223T000000,379500,4,2.5,2560,5102,2,0,0,3,8,2560,0,2013,0,98092,47.3404,-122.181,2586,5059
4310701421,20140617T000000,350000,2,2.5,1260,1347,3,0,0,3,8,1260,0,2005,0,98103,47.6994,-122.341,1260,1356
2895800770,20150408T000000,258800,2,1.75,1290,1624,2,0,0,3,8,1290,0,2014,0,98106,47.5171,-122.347,1410,1963
3034200067,20141218T000000,620000,4,2.5,2730,9260,2,0,0,3,8,2730,0,2008,0,98133,47.7222,-122.331,2730,7357
3438501320,20140502T000000,295000,2,2.5,1630,1368,2,0,0,3,7,1280,350,2009,0,98106,47.5489,-122.363,1590,2306
8691450120,20150227T000000,908990,4,2.75,3530,6844,2,0,0,3,10,3530,0,2014,0,98075,47.5975,-121.985,3530,10038
6306810110,20141117T000000,485230,4,2.5,2714,12558,2,0,0,3,9,2714,0,2014,0,98031,47.3522,-122.201,2873,8269
3629990110,20140611T000000,475000,3,2.25,1630,2520,2,0,0,3,7,1630,0,2005,0,98029,47.5493,-121.998,1630,3131
715010110,20140804T000000,1.24E+06,5,3.25,5790,13726,2,0,3,3,10,4430,1360,2014,0,98006,47.5388,-122.114,5790,13726
3629700090,20140819T000000,635000,3,3,2230,1407,2.5,0,0,3,8,1850,380,2013,0,98027,47.5446,-122.017,2290,1407
3277801411,20141105T000000,350000,3,2.5,1380,1590,2,0,0,3,9,1160,220,2012,0,98126,47.5444,-122.375,1380,1590
8822901175,20141229T000000,345000,3,3.5,1320,1161,3,0,0,3,8,1320,0,2010,0,98125,47.7162,-122.294,1320,1161
6926700654,20140921T000000,700000,2,2,1490,713,3,0,0,3,9,1490,0,2014,0,98109,47.6356,-122.346,1490,1110
2768301482,20140821T000000,490000,3,2.25,1280,1520,2,0,0,3,8,1080,200,2008,0,98107,47.6651,-122.368,1280,1681
8895800110,20140805T000000,1.30E+06,5,4,3870,5929,2,0,0,3,10,3870,0,2014,0,98052,47.6965,-122.134,3600,5625
3879900750,20140910T000000,579000,2,2.5,1280,1051,2,0,0,3,8,1080,200,2009,0,98119,47.6273,-122.359,1580,1279
7234600820,20150327T000000,552500,3,1.5,1300,1435,2,0,0,3,8,1120,180,2007,0,98122,47.6114,-122.31,1320,1652
1946000100,20150204T000000,467000,4,2.75,2170,5024,2,0,0,3,8,2170,0,2012,0,98059,47.495,-122.145,2460,5024
8943600870,20141113T000000,305000,4,2.25,1763,3717,2,0,0,3,8,1763,0,2012,0,98031,47.4213,-122.194,1763,3666
6145600557,20140509T000000,212000,2,1.5,1020,1525,2,0,0,3,7,1020,0,2004,0,98133,47.704,-122.347,1020,3844
7203140180,20140821T000000,429000,4,2.5,1840,4593,2,0,0,3,7,1840,0,2010,0,98053,47.6866,-122.013,1740,3600
3277801592,20140925T000000,479950,3,2,1820,1358,3,0,0,3,9,1820,0,2014,0,98126,47.5433,-122.376,1710,1367
461003835,20141218T000000,825000,3,3.5,2670,3000,2,0,0,3,9,1870,800,2014,0,98117,47.6813,-122.372,1750,5000
424069279,20150328T000000,1.18E+06,6,6.5,6260,10955,2,0,0,3,11,4840,1420,2007,0,98075,47.5947,-122.039,2710,12550
1760651000,20140613T000000,250000,3,2.25,1400,3814,2,0,0,3,7,1400,0,2012,0,98042,47.3584,-122.083,1610,3814
3057000070,20141027T000000,289000,2,1.5,1160,2158,2,0,0,3,7,1160,0,1982,0,98034,47.7178,-122.19,1150,2158
2895810200,20141002T000000,265000,3,2.5,1400,3368,2,0,0,3,7,1400,0,2013,0,98146,47.5134,-122.342,1400,4316
2325300060,20140515T000000,344000,3,2.5,1232,1130,3,0,0,3,7,1232,0,2007,0,98125,47.7185,-122.317,1232,1202
9151600055,20140709T000000,749000,4,2.75,2700,6000,2,0,0,4,8,2100,600,1910,0,98116,47.586,-122.383,2050,5400
7853321260,20140908T000000,492000,4,2.5,2550,6382,2,0,0,3,7,2550,0,2007,0,98065,47.5202,-121.87,2430,5900
4219610320,20150119T000000,552500,4,2.5,3260,6902,2,0,0,3,8,3260,0,2008,0,98059,47.4829,-122.156,3130,6588
2902200016,20141112T000000,653500,2,2.5,1680,1240,2,0,0,3,8,1120,560,2014,0,98102,47.6372,-122.324,2060,3630
7518507055,20150402T000000,855000,4,3.25,2630,2550,2,0,0,3,10,2030,600,2006,0,98117,47.6775,-122.385,1810,2600
7502700060,20141119T000000,333000,3,1.5,1260,5758,2,0,0,3,7,1260,0,1999,0,98006,47.5524,-122.139,3090,10142
3448740160,20140611T000000,415000,4,2.5,2550,4500,2,0,0,3,7,2550,0,2009,0,98059,47.4916,-122.153,2340,4526
179001455,20141107T000000,445000,4,3.25,3450,5000,2,0,0,3,8,3450,0,2008,0,98178,47.4925,-122.273,1420,5000
8669160270,20140710T000000,273500,3,2.5,1550,3402,2,0,0,3,7,1550,0,2009,0,98002,47.3523,-122.212,2095,3402
4215270070,20140606T000000,969990,4,2.5,4150,8436,2,0,0,3,10,4150,0,2014,0,98075,47.5802,-122.039,4070,8438
170000060,20141008T000000,1.20E+06,5,3.5,3900,4400,2,0,0,3,9,2650,1250,2014,0,98107,47.6607,-122.362,1190,4400
7410200431,20140806T000000,430000,3,3.25,1550,1444,3,0,0,3,8,1550,0,2006,0,98115,47.6767,-122.291,1550,1444
6600060140,20150323T000000,392000,4,2.5,2130,4000,2,0,0,3,8,2130,0,2014,0,98146,47.5108,-122.362,1830,7217
2324059314,20140702T000000,795000,4,2.5,2890,7798,2,0,0,3,9,2890,0,2005,0,98006,47.5456,-122.129,3300,30950
9376301111,20140630T000000,457000,3,2.5,1220,1330,2,0,0,3,8,1010,210,2008,0,98117,47.6904,-122.37,1360,3750
8956200560,20150320T000000,453000,4,2.5,2502,8306,2,0,0,3,9,2502,0,2013,0,98001,47.2953,-122.265,2597,6983
6749700002,20140509T000000,376000,3,2,1340,1384,3,0,0,3,8,1340,0,2008,0,98103,47.6973,-122.35,1110,1384
1438000390,20140804T000000,469995,4,2.5,2350,3800,2,0,0,3,8,2350,0,2014,0,98059,47.4783,-122.123,2670,4180
8682301600,20150504T000000,540000,3,2.5,1810,3930,2,0,0,3,8,1810,0,2008,0,98053,47.7169,-122.02,1560,5100
7853361370,20140502T000000,555000,4,2.5,3310,6500,2,0,0,3,8,3310,0,2012,0,98065,47.515,-121.87,2380,5000
3333001997,20140725T000000,445000,3,2,1620,5101,1,0,0,3,7,590,1030,2006,0,98118,47.5448,-122.288,1700,7750
7899800857,20141215T000000,256950,2,2,1070,635,2,0,0,3,9,720,350,2008,0,98106,47.5212,-122.357,1070,928
7338220370,20141006T000000,297000,4,2.5,2230,4952,2,0,0,3,8,2230,0,2011,0,98002,47.3363,-122.211,2030,3721
9406530160,20141017T000000,320000,4,2.5,1970,4558,2,0,0,3,8,1970,0,2005,0,98038,47.3627,-122.04,1980,5123
7853280370,20141114T000000,805000,5,4.5,4600,7810,2,0,0,3,9,3200,1400,2006,0,98065,47.5381,-121.86,4480,6324
2937300520,20140801T000000,799990,4,2.75,3110,6050,2,0,0,3,9,3110,0,2014,0,98052,47.705,-122.126,3590,6054
2738640310,20150409T000000,680000,4,2.5,3490,3677,2,0,0,3,9,2850,640,2007,0,98072,47.774,-122.162,3440,3600
6056100312,20140624T000000,395000,3,2.5,1600,1936,2,0,0,3,7,1600,0,2007,0,98108,47.5629,-122.297,1600,1936
2856100260,20141202T000000,732000,3,2.5,1960,3060,2,0,0,3,8,1960,0,2010,0,98117,47.6764,-122.389,1220,3060
2724049222,20140802T000000,163800,2,2.5,1000,1092,2,0,0,3,7,990,10,2004,0,98118,47.5419,-122.271,1330,1466
2724049222,20141201T000000,220000,2,2.5,1000,1092,2,0,0,3,7,990,10,2004,0,98118,47.5419,-122.271,1330,1466
6149700197,20141106T000000,308625,2,2,1500,1408,3,0,0,3,7,1500,0,1999,0,98133,47.7293,-122.343,1500,1245
3166900200,20150331T000000,375000,3,2.5,2424,5931,2,0,0,3,9,2424,0,2014,0,98042,47.3515,-122.134,2424,6036
5137800030,20140701T000000,300000,4,2.5,2303,3826,2,0,0,3,8,2303,0,2006,0,98092,47.3258,-122.165,2516,4500
3832080070,20140616T000000,284000,3,2.5,1880,6008,2,0,0,3,7,1880,0,2009,0,98042,47.3366,-122.052,2180,5185
9828702336,20150220T000000,610000,2,2,1210,740,2,0,0,3,8,780,430,2014,0,98112,47.6206,-122.3,1480,1171
7203180370,20150324T000000,955000,4,3.25,3720,6765,2,0,0,3,9,3720,0,2012,0,98053,47.688,-122.018,3100,6790
3901100030,20140627T000000,982000,4,2.75,3610,8580,2,0,0,3,9,3610,0,2014,0,98033,47.6706,-122.173,2360,8580
3126049500,20140522T000000,359000,3,1.5,1360,885,3,0,0,3,8,1360,0,2008,0,98103,47.6961,-122.349,1360,1167
6666830390,20140718T000000,779380,5,2.5,2590,7084,2,0,0,3,8,2590,0,2014,0,98052,47.7053,-122.113,3010,4823
1832100055,20140630T000000,1.51E+06,5,3.25,4390,11250,2,0,0,3,10,4390,0,2007,0,98040,47.5785,-122.225,2160,9249
3629700030,20150223T000000,635000,3,3,2290,1407,2.5,0,0,3,8,1890,400,2014,0,98027,47.5446,-122.017,2230,1407
3630200960,20140826T000000,1.06E+06,4,3.75,3880,9979,2.5,0,0,3,10,3880,0,2007,0,98029,47.5408,-121.992,3130,6112
7625702431,20140716T000000,389500,3,2.5,1350,874,3,0,0,3,8,1270,80,2006,0,98136,47.549,-122.387,1350,886
2895800390,20140807T000000,359800,5,2.5,2170,2752,2,0,0,3,8,2170,0,2014,0,98106,47.5165,-122.346,1800,2752
3753000030,20140527T000000,399950,3,3,1296,1051,3,0,0,3,8,1296,0,2009,0,98125,47.7175,-122.284,1520,1939
1773100926,20140603T000000,320000,3,3.25,1530,1602,2,0,0,3,8,1140,390,2013,0,98106,47.5555,-122.362,1450,1198
301400320,20140725T000000,255900,3,2.5,1489,3266,2,0,0,3,7,1489,0,2014,0,98002,47.3452,-122.217,1537,3273
6600060160,20150209T000000,380000,4,2.5,2130,4467,2,0,0,3,8,2130,0,2014,0,98146,47.5108,-122.363,1830,8160
1861100267,20140918T000000,580000,3,2.75,1430,1521,2,0,0,3,9,1130,300,2009,0,98119,47.6353,-122.371,1930,2700
3438500036,20150429T000000,545000,5,3.75,2380,7268,1,0,0,3,8,1430,950,2008,0,98106,47.5571,-122.357,2040,10810
3869900036,20140725T000000,451300,3,2.5,1420,814,2,0,0,3,8,1140,280,2008,0,98136,47.5429,-122.387,1340,1382
1042700270,20140616T000000,852880,4,3.25,3450,6184,2,0,0,3,9,3450,0,2014,0,98074,47.6072,-122.054,3020,5369
6817750340,20140919T000000,305000,4,2.5,1914,3150,2,0,0,3,8,1914,0,2009,0,98055,47.43,-122.188,1714,3164
3448001412,20150430T000000,295000,2,1.5,988,1080,3,0,0,3,7,988,0,2007,0,98125,47.7123,-122.301,1128,1080
301400800,20141016T000000,261000,3,2.25,1584,2800,2,0,0,3,7,1584,0,2012,0,98002,47.3451,-122.214,1584,2800
7852090570,20150317T000000,560000,4,2.5,2630,5710,2,0,0,3,8,2630,0,2001,0,98065,47.5342,-121.876,2550,5500
7203180070,20140919T000000,795000,4,3.25,3520,5250,2,0,0,3,9,3520,0,2012,0,98053,47.6869,-122.019,3220,5781
5416510200,20140929T000000,384950,4,2.5,2380,4913,2,0,0,3,8,2380,0,2006,0,98038,47.3607,-122.038,2580,5311
1931300977,20140508T000000,500000,3,1.75,1410,1197,3,0,0,3,8,1410,0,2012,0,98103,47.6558,-122.348,1350,2512
7853390260,20150205T000000,640000,4,3.5,3220,5741,2,0,0,3,9,3220,0,2013,0,98065,47.5169,-121.886,2960,6534
9578500810,20141121T000000,418000,4,3.25,3266,5969,2,0,0,3,8,3266,0,2014,0,98023,47.2975,-122.35,3087,5169
6844700575,20141010T000000,799000,3,2,2550,4794,2,0,0,3,9,2550,0,2007,0,98115,47.6955,-122.29,1630,5100
3751601877,20150320T000000,552900,4,3.5,3828,18900,2.5,0,0,3,9,3828,0,2014,0,98001,47.2851,-122.277,2120,18900
3869900136,20141219T000000,539950,3,2.25,1670,1596,3,0,0,3,8,1670,0,2014,0,98136,47.5402,-122.387,1640,1310
8956200960,20150120T000000,524225,4,2.5,3056,11385,2,0,0,3,9,3056,0,2014,0,98001,47.2905,-122.264,2849,8607
2883200083,20150202T000000,424950,2,1.5,1000,1188,3,0,0,3,8,1000,0,2005,0,98115,47.6823,-122.327,2300,3500
2028700570,20141125T000000,560000,3,3.25,1530,1786,2,0,0,3,8,1200,330,2007,0,98117,47.6783,-122.366,1390,2900
4188300030,20150429T000000,715000,5,3,3490,6091,2,0,0,3,9,3490,0,2009,0,98011,47.7744,-122.225,2870,5932
7883603648,20140522T000000,300000,5,2.5,2760,6000,2,0,0,3,8,2760,0,2006,0,98108,47.5289,-122.321,1360,6000
3630080030,20150224T000000,405000,3,2.5,1440,2163,2,0,0,3,7,1440,0,2005,0,98029,47.554,-121.998,1440,2207
173000036,20141007T000000,327000,3,3,1370,1001,3,0,0,3,8,1370,0,2009,0,98133,47.7302,-122.355,1399,1151
2862500070,20141209T000000,859950,6,4,3180,6551,2,0,0,3,9,3180,0,2014,0,98074,47.6236,-122.023,3230,7602
7017200055,20150113T000000,560000,4,3,2720,7570,2,0,0,3,9,2720,0,2008,0,98133,47.7113,-122.349,1770,5705
3278611610,20140907T000000,379900,3,2.5,1800,2792,2,0,0,3,8,1800,0,2011,0,98126,47.5442,-122.371,1580,2617
4305500030,20150501T000000,625000,3,2.5,3220,6409,2,0,0,3,9,3220,0,2008,0,98059,47.4815,-122.127,3330,6231
255460240,20150423T000000,398096,3,2.5,2370,5321,2,0,0,3,8,2370,0,2014,0,98038,47.37,-122.019,2370,4357
1773100416,20141120T000000,315000,3,2.5,1410,1325,2,0,0,3,7,1180,230,2007,0,98106,47.5582,-122.363,1270,1282
2937300560,20141212T000000,939000,4,3.5,3640,6049,2,0,0,3,9,3640,0,2014,0,98052,47.7049,-122.125,3590,6104
9510860560,20140725T000000,674000,3,2.5,1920,3624,2,0,0,3,9,1920,0,2003,0,98052,47.6647,-122.087,1930,3533
1085621740,20140814T000000,306000,4,2.5,2267,3577,2,0,0,3,7,2267,0,2014,0,98092,47.3384,-122.18,2056,3577
4139300135,20140709T000000,2.32E+06,5,4.75,5780,17004,2,0,0,3,11,4260,1520,2006,0,98040,47.5802,-122.212,3460,10855
5100400241,20150202T000000,394950,2,1,1131,1304,3,0,0,3,7,1131,0,2011,0,98115,47.6912,-122.313,1131,1992
2428100070,20140918T000000,914154,3,3.5,2940,6431,2,0,0,3,10,2940,0,2014,0,98075,47.5818,-122.047,2760,6695
726059485,20141117T000000,496000,3,2.5,2180,4533,2,0,0,3,7,2180,0,2010,0,98011,47.754,-122.215,2180,7347
9834201370,20150417T000000,430100,3,2.25,1400,1078,2,0,0,3,8,940,460,2009,0,98144,47.5701,-122.288,1420,1230
8564860270,20140708T000000,449990,4,2.5,2680,5539,2,0,0,3,8,2680,0,2013,0,98045,47.4759,-121.734,2680,5992
8564860270,20150330T000000,502000,4,2.5,2680,5539,2,0,0,3,8,2680,0,2013,0,98045,47.4759,-121.734,2680,5992
3395071580,20150311T000000,310000,3,2.5,1300,3612,2,0,0,3,7,1300,0,2005,0,98118,47.5328,-122.282,1390,2943
3682000060,20150323T000000,349950,4,3.5,2796,3520,2.5,0,0,3,8,2796,0,2013,0,98001,47.3427,-122.278,2040,5195
1646500810,20140919T000000,625000,2,1.75,1460,1500,2,0,0,3,8,1000,460,2008,0,98103,47.6853,-122.356,1440,4120
7768800160,20140827T000000,1.05E+06,4,3.5,4210,6481,2,0,3,3,9,3260,950,2014,0,98075,47.5765,-122.072,3920,5331
3629980860,20140707T000000,680000,4,2.75,2330,3920,2,0,0,3,9,2330,0,2005,0,98029,47.5525,-121.99,2410,4063
629890070,20140515T000000,828950,4,3.5,3930,5680,2,0,1,3,9,2820,1110,2013,0,98027,47.5528,-122.076,3700,5816
7299600140,20150403T000000,274950,3,2.5,1608,4000,2,0,0,3,8,1608,0,2014,0,98092,47.2582,-122.198,2009,4983
1332700030,20150312T000000,293000,2,2.25,1610,1968,2,0,0,4,7,1610,0,1979,0,98056,47.5184,-122.196,1950,1968
3630220140,20140613T000000,795000,4,3.5,3200,3250,2,0,0,3,9,2670,530,2007,0,98029,47.5515,-122,3400,3663
301400240,20140922T000000,282900,4,2.5,1710,3500,2,0,0,3,7,1710,0,2014,0,98002,47.3448,-122.217,1710,3500
1233100710,20150416T000000,909950,5,3.75,3050,8972,2,0,0,3,9,3050,0,2014,0,98033,47.6819,-122.172,2750,8979
293070270,20141104T000000,922755,4,3.5,3560,4951,2,0,0,3,9,3560,0,2014,0,98074,47.6178,-122.055,3540,5500
3304030140,20150416T000000,424000,4,2.5,2650,8685,2,0,0,3,9,2650,0,2006,0,98001,47.344,-122.269,2650,7932
5095401070,20150423T000000,630000,3,2.5,3490,12410,2,0,0,3,8,2590,900,2009,0,98059,47.4714,-122.071,1740,14448
6358900070,20141222T000000,810000,4,3.25,4140,46173,2,0,0,3,9,4140,0,2007,0,98011,47.7647,-122.213,2060,43103
8141310030,20140730T000000,256703,3,2,1670,4441,1,0,0,3,7,1670,0,2014,0,98022,47.1948,-121.975,1670,4622
7203140270,20140515T000000,386380,3,2.5,1720,3600,2,0,0,3,7,1720,0,2010,0,98053,47.6856,-122.013,1720,3600
8682320320,20140916T000000,485000,2,2,1510,3961,1,0,0,3,8,1510,0,2010,0,98053,47.709,-122.018,1510,3962
9542840340,20150211T000000,275000,3,2.25,1450,4040,2,0,0,3,7,1450,0,2010,0,98038,47.3665,-122.022,1610,4040
3943600140,20150302T000000,370000,4,2.5,1812,5026,2,0,0,3,8,1812,0,2011,0,98055,47.4513,-122.202,2440,6007
2902200240,20140610T000000,499950,2,2.25,1060,1208,2,0,0,3,8,940,120,2005,0,98102,47.6371,-122.327,1300,1169
3274800505,20150424T000000,502000,3,2.5,1600,3073,3,0,0,3,8,1600,0,2009,0,98144,47.5934,-122.298,1130,2921
8080400136,20140620T000000,654000,3,3.25,1530,1565,2,0,0,3,8,1280,250,2005,0,98122,47.6179,-122.312,1530,1381
6371000079,20140714T000000,575000,4,2.25,2070,1230,3,0,0,3,9,1500,570,2013,0,98116,47.5775,-122.41,1569,4802
5379801920,20150415T000000,500000,4,2.5,3630,7482,2,0,0,3,10,3630,0,2008,0,98188,47.4565,-122.287,1600,15716
8562770320,20150114T000000,554000,3,2.5,2140,4126,2,0,0,3,8,1960,180,2005,0,98027,47.5368,-122.073,2280,2615
3449000200,20150508T000000,360000,4,1.75,2010,12188,1,0,0,4,7,1150,860,1960,0,98059,47.5013,-122.147,1720,8475
255470030,20150429T000000,619990,4,2.75,2630,4501,2,0,0,3,8,2630,0,2015,0,98028,47.7748,-122.244,2380,4599
629650030,20150312T000000,317500,4,2.5,2233,6025,2,0,0,3,7,2233,0,2012,0,98001,47.2599,-122.256,1544,6036
3574770030,20140828T000000,564950,4,2.75,2990,4521,2,0,0,3,7,2990,0,2014,0,98028,47.7401,-122.226,2580,7539
7589700055,20140611T000000,545000,2,1.25,1240,2150,2,0,0,3,8,1240,0,2014,0,98117,47.6884,-122.374,1340,5289
3832050570,20150501T000000,333700,3,2.5,2230,5050,2,0,0,3,7,2230,0,2006,0,98042,47.3359,-122.055,2260,5050
5167000140,20140711T000000,1.48E+06,3,3.25,3700,2264,2,0,0,3,11,2280,1420,1998,0,98033,47.6653,-122.205,3930,2567
9578060370,20150408T000000,530000,4,3,2290,5105,2,0,0,3,8,2290,0,2012,0,98028,47.7727,-122.237,2450,5105
2767604253,20150413T000000,396000,2,1.5,950,865,3,0,0,3,8,950,0,2006,0,98107,47.6714,-122.382,1290,1189
8562780800,20141016T000000,305000,2,1.75,1120,758,2,0,0,3,7,1120,0,2012,0,98027,47.5325,-122.072,1150,758
603000926,20140522T000000,380000,5,3.5,2420,4670,2,0,0,3,7,2420,0,2013,0,98118,47.5241,-122.285,1430,4468
6817750510,20150303T000000,305000,4,2.5,1714,3250,2,0,0,3,8,1714,0,2010,0,98055,47.429,-122.189,1714,3250
423059409,20140928T000000,440000,4,2.5,2230,5650,2,0,0,3,7,2230,0,2011,0,98056,47.5073,-122.168,1590,7241
522049074,20140627T000000,459000,4,3,2530,10000,2,0,0,3,7,2530,0,2013,0,98148,47.431,-122.335,1420,9898
1934800193,20150306T000000,530000,3,3.5,1550,1233,2,0,0,3,8,1160,390,2005,0,98122,47.6034,-122.309,1490,1539
847100046,20150416T000000,600000,4,2.75,3110,11225,2,0,0,3,8,3110,0,2012,0,98059,47.4865,-122.143,2610,8535
1250200693,20140718T000000,515000,3,3,2100,2409,2,0,0,3,8,1660,440,2008,0,98144,47.5973,-122.298,1900,2400
7338220200,20150408T000000,275000,4,2.5,2150,3721,2,0,0,3,8,2150,0,2007,0,98002,47.3363,-122.215,2150,3721
1982201596,20150112T000000,540000,3,1.75,1630,1404,2,0,0,3,8,1020,610,2014,0,98107,47.6646,-122.367,1420,1670
7853270830,20140805T000000,445000,3,2.5,2230,7934,2,0,0,3,7,2230,0,2005,0,98065,47.5439,-121.88,2310,4818
9352900200,20150407T000000,285000,3,2.5,1320,955,3,0,0,3,7,1320,0,2009,0,98106,47.5202,-122.357,1300,1003
8850000517,20140731T000000,480000,3,2.5,1590,1431,2,0,0,3,8,1060,530,2010,0,98144,47.5893,-122.309,1620,1548
3395070560,20150120T000000,440000,5,3.25,2610,3642,2,0,0,3,8,2080,530,2005,0,98118,47.535,-122.284,1750,3118
7211400576,20150211T000000,287450,3,2.5,1440,2500,2,0,0,3,7,1440,0,2008,0,98146,47.5123,-122.358,1440,5000
5169700132,20150401T000000,507950,4,2.5,2630,6283,2,0,0,3,9,2630,0,2006,0,98059,47.5079,-122.158,2630,7210
3204960200,20140619T000000,750000,3,3.5,3390,10078,2,0,0,3,10,3040,350,2012,0,98056,47.537,-122.185,3290,12332
8024200681,20140703T000000,425000,3,1.5,1400,1022,3,0,0,3,8,1400,0,2007,0,98115,47.6989,-122.317,1270,1205
9358000550,20141202T000000,420000,3,3.5,1900,2133,2,0,0,3,8,1520,380,2009,0,98126,47.5675,-122.369,1530,3264
7625702444,20140510T000000,394950,3,2.5,1350,1250,3,0,0,3,8,1270,80,2006,0,98136,47.5491,-122.387,1350,886
7853370260,20140711T000000,635000,4,3.25,3420,6752,2,0,2,3,9,3030,390,2012,0,98065,47.517,-121.876,3010,5172
522079068,20150506T000000,513000,3,2.5,2150,161607,2,0,0,3,7,1330,820,1995,0,98038,47.4178,-121.937,2400,207781
3023000200,20150505T000000,380000,4,2.5,2110,5306,2,0,0,3,8,2110,0,2012,0,98038,47.356,-122.057,2250,5306
3758900023,20140521T000000,1.13E+06,4,3.25,3810,8519,1,0,1,3,10,2680,1130,2007,0,98033,47.699,-122.207,3240,10748
6204050160,20140608T000000,540000,5,3,2870,4369,2,0,0,3,8,2090,780,2007,0,98011,47.7449,-122.192,2640,4610
8562780200,20150427T000000,352499,2,2.25,1240,705,2,0,0,3,7,1150,90,2009,0,98027,47.5321,-122.073,1240,750
7702600949,20150505T000000,603000,4,3.5,3610,6345,2,0,0,3,9,2370,1240,2008,0,98058,47.4283,-122.102,3010,29279
3442000127,20140530T000000,685000,4,2.5,2310,5100,2,0,0,3,9,2310,0,2013,0,98177,47.7039,-122.36,1260,5100
255550070,20140626T000000,330675,4,3,1930,3031,1,0,0,3,7,1200,730,2006,0,98019,47.7457,-121.985,1930,2611
7165700200,20140605T000000,275000,3,3,1390,1080,2,0,0,3,7,1140,250,2006,0,98118,47.5323,-122.281,1450,1081
8096800270,20140716T000000,259950,3,2.5,1578,7340,2,0,0,3,7,1578,0,2010,0,98030,47.3771,-122.186,1850,7200
4046500160,20140729T000000,441000,3,2,1720,15000,1,0,0,3,9,1720,0,2011,0,98014,47.6927,-121.92,1900,15337
7882600326,20141203T000000,1.14E+06,5,3.75,4700,11237,2,0,0,3,10,2930,1770,2006,0,98033,47.6624,-122.197,3180,13140
9122001230,20141205T000000,590000,3,3.5,1970,5079,2,0,0,3,8,1680,290,2007,0,98144,47.5816,-122.296,1940,6000
6373000187,20140918T000000,497000,3,2.25,1460,1353,2,0,0,3,8,1050,410,2012,0,98116,47.5774,-122.412,1690,3776
7967000200,20141121T000000,345500,3,2.5,1930,4000,2,0,0,3,8,1930,0,2014,0,98001,47.3518,-122.275,2050,4000
2902200241,20140623T000000,562500,3,2.25,1300,907,2,0,0,3,8,1000,300,2006,0,98102,47.6371,-122.327,1300,1169
291310390,20140904T000000,355000,3,2.25,1445,1087,2,0,0,3,7,1300,145,2005,0,98027,47.5339,-122.067,1410,1336
1604601572,20140905T000000,345000,2,2.25,860,696,2,0,0,3,9,860,0,2009,0,98118,47.5663,-122.29,1100,3000
259500270,20140505T000000,478000,3,2.5,3040,4535,2,0,0,3,9,3040,0,2007,0,98056,47.51,-122.185,2670,4666
3166900270,20150402T000000,391500,3,2.5,2424,6143,2,0,0,3,9,2424,0,2014,0,98030,47.3512,-122.135,2381,6036
2926049582,20150412T000000,265000,2,1.5,1084,3427,2,0,0,3,7,1084,0,1976,0,98125,47.7117,-122.326,1084,6250
3438503230,20141030T000000,395000,3,2.5,2510,5320,2,0,0,3,8,2510,0,2005,0,98106,47.5374,-122.357,1820,5736
2827100075,20140727T000000,286308,2,1.5,1220,1036,3,0,0,3,7,1220,0,2006,0,98133,47.7348,-122.347,1210,659
1702900624,20140527T000000,370000,2,2.25,1280,835,2,0,0,3,7,1080,200,2009,0,98118,47.5592,-122.284,1280,1246
2856100935,20140923T000000,1.08E+06,5,3.5,3740,5610,2,0,0,3,9,2860,880,2014,0,98117,47.6764,-122.392,1520,4590
301401620,20141015T000000,298900,3,2.5,1852,4000,2,0,0,3,7,1852,0,2014,0,98002,47.3451,-122.209,2475,4000
3630200520,20150421T000000,775000,4,2.5,2580,5787,2,0,0,3,9,2580,0,2007,0,98029,47.5416,-121.994,2580,4410
323079065,20140624T000000,790000,4,3.5,3190,31450,2,0,0,3,9,3190,0,2010,0,98027,47.501,-121.902,3000,72745
7172200125,20140827T000000,1.05E+06,3,2.5,3400,5119,2,0,0,3,8,2300,1100,2014,0,98115,47.6843,-122.305,1740,5969
3057000400,20140708T000000,249000,2,1.5,1090,2686,2,0,0,3,7,1090,0,1982,0,98034,47.717,-122.19,1160,2158
3022900070,20140929T000000,348000,3,2,2360,6145,1,0,0,3,8,2360,0,2011,0,98030,47.3564,-122.198,2304,5880
9406710060,20141114T000000,358000,5,2.5,2460,5604,2,0,0,3,8,2460,0,2011,0,98038,47.3658,-122.037,2210,6395
3353401070,20140625T000000,260000,5,2.5,2025,7760,2,0,0,3,7,2025,0,2007,0,98001,47.2671,-122.256,1664,9000
7853280570,20140604T000000,765000,4,3,4410,5104,2,0,0,3,9,3400,1010,2006,0,98065,47.5392,-121.861,4390,5537
6192410550,20140528T000000,739000,3,2.5,2810,5400,2,0,0,3,9,2810,0,2005,0,98052,47.7065,-122.118,2870,5400
8562710520,20140505T000000,890000,5,3.5,4490,6000,2,0,0,3,10,3200,1290,2006,0,98027,47.5396,-122.073,4530,6000
1543000060,20140607T000000,462000,4,2.5,3070,6432,2,0,0,3,9,3070,0,2006,0,98055,47.4487,-122.205,2910,5106
9536600810,20140708T000000,380000,4,2.5,1984,32400,1,0,0,3,8,1564,420,1962,0,98198,47.36,-122.318,1390,9152
5428000070,20150511T000000,770000,5,3.5,4750,8234,2,0,2,3,10,3350,1400,2013,0,98198,47.3574,-122.318,2160,14496
2309000060,20140818T000000,641000,4,3.25,2760,4104,2,0,0,3,8,1900,860,2014,0,98056,47.5286,-122.187,2760,5186
8043700105,20150417T000000,2.30E+06,4,4,4360,8175,2.5,1,4,3,10,3940,420,2007,0,98008,47.5724,-122.104,2670,8525
7792000140,20150504T000000,369000,4,2.5,3060,27251,1.5,0,0,3,8,3060,0,2008,0,98022,47.1967,-121.966,1760,27251
5244801550,20140916T000000,1.11E+06,4,3,2770,2650,2,0,0,3,9,2180,590,2014,0,98109,47.6435,-122.354,1820,2960
9310300160,20140828T000000,357000,5,2.5,2990,9240,2,0,0,3,8,2990,0,2015,0,98133,47.7384,-122.348,1970,18110
6762700376,20141126T000000,650000,3,2.75,1540,1251,2,0,0,3,8,1230,310,2002,0,98102,47.6298,-122.321,1540,1287
1972200428,20140625T000000,563500,3,2.5,1400,1312,3.5,0,0,3,8,1400,0,2007,0,98103,47.6534,-122.355,1350,1312
7304301231,20140617T000000,345000,3,2.5,1680,2229,2,0,0,3,7,1680,0,2007,0,98155,47.7484,-122.322,1230,9300
9512200140,20140725T000000,479950,3,2,2260,7163,1,0,0,3,9,2260,0,2012,0,98058,47.4593,-122.136,2340,6730
7853400260,20140513T000000,660000,4,3.5,3400,5196,2,0,0,3,9,3400,0,2012,0,98065,47.5169,-121.884,3170,5260
97600140,20140729T000000,800000,4,2.5,2930,5000,2,0,0,3,9,2760,170,2007,0,98006,47.5424,-122.12,3230,5778
2822059360,20140724T000000,253101,3,2,1239,6036,1,0,0,3,7,1239,0,2009,0,98030,47.3689,-122.175,2060,5746
6056110200,20140929T000000,555000,3,3.5,2100,2479,2,0,0,3,9,1450,650,2011,0,98118,47.562,-122.292,1800,2457
6300000226,20140626T000000,240000,4,1,1200,2171,1.5,0,0,3,7,1200,0,1933,0,98133,47.7076,-122.342,1130,1598
6300000226,20150504T000000,380000,4,1,1200,2171,1.5,0,0,3,7,1200,0,1933,0,98133,47.7076,-122.342,1130,1598
9524100196,20141117T000000,239000,2,1.5,680,772,2,0,0,3,7,680,0,2005,0,98103,47.695,-122.343,690,1059
3013300685,20150318T000000,760000,4,3.25,2690,3995,2,0,0,3,9,2060,630,2014,0,98136,47.532,-122.384,1810,4590
2619950070,20140826T000000,430000,4,2.5,2750,7200,2,0,0,3,8,2750,0,2011,0,98019,47.7327,-121.966,2750,7200
7203110240,20140522T000000,660000,3,2.5,2450,4332,2,0,0,3,8,2450,0,2010,0,98053,47.6942,-122.016,2450,4154
7694200350,20140820T000000,399963,4,2.5,2620,4050,2,0,0,3,8,2620,0,2014,0,98146,47.5017,-122.34,2030,3944
7600136,20140718T000000,411000,2,2,1130,1148,2,0,0,3,9,800,330,2007,0,98122,47.6023,-122.314,1350,1201
1442880160,20140627T000000,483453,4,2.75,2790,5527,2,0,0,3,8,2790,0,2014,0,98045,47.4827,-121.773,2620,5509
3277801580,20141110T000000,469950,3,2,1820,1357,3,0,0,3,9,1820,0,2014,0,98126,47.5432,-122.376,1710,1372
1442880640,20140715T000000,504058,4,2.75,2910,7467,2,0,0,3,8,2910,0,2013,0,98045,47.4841,-121.772,2790,7868
3845101070,20150428T000000,425996,4,2.5,2568,5000,2,0,0,3,9,2568,0,2014,0,98092,47.2596,-122.194,2547,4500
6791900260,20140708T000000,760005,4,2.75,3090,5859,2,0,0,3,9,3090,0,2010,0,98074,47.6057,-122.047,2960,5250
9828702339,20150420T000000,699999,2,2,1460,1085,2,0,0,3,8,950,510,2014,0,98112,47.6205,-122.299,1580,1202
2255500125,20140716T000000,749950,3,2.5,2010,2263,2,0,0,3,8,1340,670,2014,0,98122,47.6088,-122.311,1500,2670
5541300135,20140708T000000,674600,4,2.5,2610,5140,2,0,0,3,8,2610,0,2006,0,98103,47.6951,-122.346,1190,5101
4083306616,20150224T000000,450000,2,1.5,960,1000,2,0,0,3,8,920,40,2008,0,98103,47.6489,-122.335,1200,1297
8096800260,20150407T000000,272000,3,2.5,1528,7616,2,0,0,3,7,1528,0,2011,0,98030,47.3774,-122.186,1850,7340
2997800024,20140714T000000,450000,2,1.5,1310,1264,2,0,0,3,8,1120,190,2006,0,98106,47.5772,-122.409,1330,1265
952005863,20150505T000000,643950,3,2.25,1760,2122,3,0,0,3,9,1760,0,2015,0,98116,47.5633,-122.385,1420,1618
7772850060,20141110T000000,290000,3,2.5,1420,3542,2,0,0,3,8,1310,110,2007,0,98133,47.7731,-122.343,1180,1622
6130500070,20141008T000000,378000,3,2.5,1650,2082,3,0,0,3,8,1650,0,2007,0,98133,47.7108,-122.332,1650,1965
8682300400,20140619T000000,728050,3,2.5,2320,6775,1,0,0,3,8,2320,0,2008,0,98053,47.7158,-122.016,1680,4750
8956200990,20150426T000000,499160,4,2.5,2628,11466,2,0,0,3,9,2628,0,2014,0,98001,47.2904,-122.264,2849,10909
9532000070,20141201T000000,536000,4,2.5,2520,4831,2,0,0,3,8,2520,0,2009,0,98072,47.7711,-122.168,2430,3937
7570050070,20150205T000000,419900,5,3.5,2880,5000,2,0,0,3,8,2260,620,2012,0,98038,47.3455,-122.023,2590,4800
946000295,20141210T000000,469000,3,2.25,1440,1362,3,0,0,3,7,1440,0,2014,0,98117,47.6908,-122.365,1180,2603
3831250350,20150408T000000,374000,3,2.5,2185,6042,2,0,0,3,9,2185,0,2009,0,98030,47.3573,-122.202,2297,5876
6056100160,20140728T000000,182568,4,1.5,1500,2106,2,0,0,3,7,1500,0,2014,0,98108,47.5669,-122.297,1490,2175
1402970070,20140626T000000,334888,3,2.5,1769,7324,2,0,0,3,9,1769,0,2012,0,98092,47.3307,-122.188,2502,6017
2524059267,20140917T000000,799900,4,4,3650,18223,2,0,3,3,9,3330,320,2013,0,98006,47.5442,-122.116,3220,11022
8091670030,20140512T000000,383000,4,2.5,2160,6223,2,0,0,3,8,2160,0,2010,0,98038,47.3494,-122.042,2160,5555
1825079046,20141218T000000,580000,3,2.5,1820,374616,2,0,0,3,7,1820,0,1999,0,98014,47.6539,-121.959,1870,220654
255450390,20140707T000000,351999,3,2.5,2370,4200,2,0,0,3,8,2370,0,2014,0,98038,47.3706,-122.017,2370,4200
9301300270,20150223T000000,1.33E+06,3,3,3180,2758,2,0,2,3,11,2240,940,2008,0,98109,47.6377,-122.342,2420,2758
9347300160,20150125T000000,312000,3,2.5,1780,4077,2,0,0,3,8,1780,0,2011,0,98038,47.3568,-122.056,1970,4077
710600070,20140912T000000,674950,4,3.5,2650,3127,2,0,0,3,8,2230,420,2011,0,98027,47.5381,-122.046,2330,3137
5556300116,20141229T000000,1.11E+06,5,2.75,3300,7560,2,0,0,3,10,3300,0,2007,0,98052,47.6467,-122.118,3150,8580
1324300126,20150313T000000,415000,2,2.5,1160,1219,3,0,0,3,8,1160,0,2007,0,98107,47.6543,-122.358,1320,2800
9279700013,20140710T000000,1.25E+06,3,3,3460,5353,2,0,0,3,10,2850,610,2007,0,98116,47.5858,-122.393,2460,6325
3336500140,20140919T000000,208800,3,2.5,1390,2450,2,0,0,3,7,1390,0,2009,0,98118,47.5298,-122.269,1390,2450
2767604212,20141029T000000,452000,2,2.5,1260,1131,3,0,0,3,8,1260,0,2006,0,98107,47.6715,-122.384,1490,2500
6719600030,20150422T000000,837000,5,2.75,2940,5225,2,0,0,3,8,2760,180,2010,0,98052,47.6879,-122.107,3090,6261
3204930510,20150224T000000,780000,5,3.5,3190,4247,2,0,0,3,8,2430,760,2013,0,98052,47.7016,-122.103,2580,3989
7582700075,20141002T000000,1.49E+06,4,3.5,3930,6120,2,0,0,3,10,3310,620,2007,0,98105,47.6646,-122.28,3390,6120
191100435,20140926T000000,1.60E+06,5,3.75,3570,10125,2,0,0,3,10,3570,0,2014,0,98040,47.5639,-122.223,1760,10125
255450030,20140918T000000,369946,3,2.5,2420,4725,2,0,0,3,8,2420,0,2014,0,98038,47.371,-122.018,2370,4200
9476200710,20140608T000000,530000,3,2.75,3400,7200,2,0,2,3,9,2470,930,2009,0,98056,47.4878,-122.191,1580,8676
1329300070,20150320T000000,386000,4,2.5,2478,6079,2,0,0,3,8,2478,0,2012,0,98030,47.3524,-122.175,2279,6079
357000135,20150218T000000,1.90E+06,4,2.5,3070,7830,2,0,2,3,11,1970,1100,2009,0,98144,47.593,-122.291,2440,4682
7203600560,20140911T000000,735000,4,3.5,3200,7605,2,0,2,3,9,2500,700,2013,0,98198,47.3443,-122.327,2240,4416
715010140,20141002T000000,1.75E+06,5,3.25,5790,12739,2,0,3,3,10,4430,1360,2014,0,98006,47.538,-122.114,5790,13928
3869900138,20150223T000000,489950,3,2.25,1590,926,3,0,0,3,8,1590,0,2014,0,98136,47.5402,-122.387,1640,1321
2114700374,20150413T000000,357500,3,3,1730,1442,2,0,0,3,8,1440,290,2008,0,98106,47.5344,-122.348,1370,1524
9264450550,20140520T000000,329995,4,2.5,2303,3680,2,0,0,3,8,2303,0,2013,0,98001,47.2599,-122.283,2303,3760
3862710200,20140925T000000,414000,3,2.5,1790,3754,2,0,0,3,8,1790,0,2013,0,98065,47.534,-121.841,1800,3393
291310310,20141210T000000,533500,3,3.5,2490,3517,2,0,0,3,8,1720,770,2005,0,98027,47.5341,-122.067,1600,2378
3814900260,20150305T000000,402395,4,2.5,2669,5385,2,0,0,3,9,2669,0,2014,0,98092,47.3262,-122.165,2669,4645
8562790710,20150410T000000,725000,4,3.25,2610,2552,2,0,0,3,10,2160,450,2008,0,98027,47.5322,-122.076,2610,2664
3425069117,20140828T000000,1.28E+06,6,5.25,6160,27490,2,0,0,3,11,4040,2120,2007,0,98074,47.6094,-122.023,4225,9100
2895800640,20140917T000000,239800,2,1.75,1290,1493,2,0,0,3,8,1290,0,2014,0,98106,47.5171,-122.346,1410,1875
3438500253,20140904T000000,616950,5,3.5,3560,5008,2,0,0,3,8,2810,750,2013,0,98106,47.5542,-122.359,2910,5026
3630200340,20141001T000000,1.26E+06,4,3.25,4360,6000,2,0,3,3,11,3400,960,2007,0,98027,47.5408,-121.994,4310,6000
2770601769,20140617T000000,435000,3,2.25,1230,1238,2,0,0,3,8,1080,150,2009,0,98199,47.6519,-122.384,1230,953
2225069036,20140815T000000,925000,4,3.25,3640,60086,2,0,0,3,10,3640,0,2005,0,98074,47.6328,-122.016,2900,51721
9525600030,20150428T000000,631500,2,2.5,1780,2493,3,0,0,3,8,1780,0,1981,0,98107,47.6704,-122.358,2050,4400
993002108,20150330T000000,399995,3,1.5,1140,1069,3,0,0,3,8,1140,0,2005,0,98103,47.6907,-122.342,1230,1276
993000327,20140506T000000,369950,3,2,1270,1320,3,0,0,3,8,1270,0,2006,0,98103,47.6937,-122.342,1370,1320
1523059239,20150423T000000,475000,5,3.5,2780,3583,2,0,0,3,8,2180,600,2005,0,98059,47.4879,-122.152,2640,3850
7967000270,20141125T000000,353000,4,2.5,1912,5000,2,0,0,3,8,1912,0,2012,0,98001,47.3511,-122.275,2020,5000
7137800310,20150225T000000,329950,4,2.5,2300,9690,2,0,0,3,8,2300,0,2006,0,98023,47.2793,-122.352,1200,9085
2211300260,20150313T000000,367000,3,2.5,2828,4050,2,0,0,3,8,2828,0,2013,0,98030,47.382,-122.197,2513,4507
8956200070,20140905T000000,447500,4,2.5,2425,9017,2,0,0,3,9,2425,0,2013,0,98001,47.3003,-122.263,2725,7019
1257201420,20140709T000000,595000,4,3.25,3730,4560,2,0,0,3,9,2760,970,2015,0,98103,47.6725,-122.33,1800,4560
1523300140,20140904T000000,325000,1,1,730,1942,1,0,0,3,7,730,0,2009,0,98144,47.5943,-122.299,1020,2044
9831200186,20150203T000000,690000,2,2.5,1990,1756,3,0,0,3,9,1780,210,2005,0,98102,47.6264,-122.323,1955,1438
7660100238,20141111T000000,329950,3,2.5,1300,812,2,0,0,3,8,880,420,2008,0,98144,47.5893,-122.317,1300,824
5381000477,20150128T000000,399500,4,2.5,2560,7492,2,0,0,3,8,2560,0,2014,0,98188,47.4467,-122.287,1260,11541
207700180,20150121T000000,555000,5,2.5,2450,5047,2,0,0,3,8,2450,0,2007,0,98011,47.7724,-122.168,2450,4478
5288200072,20141001T000000,427000,2,1.5,1440,725,2,0,0,3,8,1100,340,2011,0,98126,47.5607,-122.378,1440,4255
9524100322,20141020T000000,375000,3,2.25,1140,1557,3,0,0,3,8,1140,0,2007,0,98103,47.6947,-122.342,1140,1245
1732800184,20140508T000000,499000,2,1.5,1110,957,2,0,0,3,8,930,180,2005,0,98119,47.6319,-122.362,1680,1104
1425069103,20140718T000000,750000,3,2.5,2620,43832,2,0,0,3,8,2620,0,2013,0,98053,47.655,-122.009,2620,120686
8165500790,20141229T000000,336900,3,2.5,1690,1200,2,0,0,3,8,1410,280,2014,0,98106,47.5388,-122.367,1740,1664
7658600081,20140919T000000,555000,2,2.75,1950,1610,3,0,0,3,8,1950,0,2009,0,98144,47.5925,-122.302,910,1745
1245003268,20141106T000000,1.28E+06,4,3.5,3530,8126,2,0,0,3,10,3530,0,2007,0,98033,47.6847,-122.2,2660,8126
8010100220,20141014T000000,999950,4,3.5,3310,4684,2,0,0,3,9,2290,1020,2014,0,98116,47.579,-122.389,1850,4750
7974200452,20140625T000000,975000,5,3,2620,5477,2,0,0,3,10,2620,0,2009,0,98115,47.6804,-122.288,1680,5217
8943600360,20150219T000000,299000,3,2.25,1350,3582,2,0,0,3,8,1350,0,2010,0,98031,47.4214,-122.191,1940,3860
3026059361,20150417T000000,479000,2,2.5,1741,1439,2,0,0,3,8,1446,295,2007,0,98034,47.7043,-122.209,2090,10454
6130500120,20150417T000000,428000,3,2.5,1650,2201,3,0,0,3,8,1650,0,2007,0,98133,47.7108,-122.333,1650,1965
3575305485,20140829T000000,409000,3,2.5,1890,6500,2,0,0,3,7,1890,0,2012,0,98074,47.6225,-122.058,2340,7500
666000142,20150326T000000,798500,3,3,1950,1833,3,0,0,3,9,1610,340,2009,0,98004,47.6078,-122.202,2040,2131
7853280620,20141212T000000,689000,4,3.5,4490,5805,2,0,0,3,9,3390,1100,2006,0,98065,47.5389,-121.86,4410,6299
8946390040,20140508T000000,375000,6,2.25,3206,5793,2,0,0,3,7,3206,0,2012,0,98032,47.369,-122.287,2527,5804
5416300230,20140717T000000,775000,4,3.5,4130,77832,2,0,2,3,10,4130,0,2011,0,98042,47.3229,-122.045,4130,87476
1604730150,20141014T000000,639983,5,3,2800,5700,2,0,0,3,8,2800,0,2014,0,98059,47.4969,-122.145,2910,5349
8669180150,20150326T000000,300000,4,3,1984,4419,2,0,0,3,7,1984,0,2010,0,98002,47.3514,-122.213,2440,4418
1081330180,20141222T000000,627000,4,2.5,2750,11830,2,0,0,3,9,2750,0,2014,0,98059,47.4698,-122.121,2310,11830
2309710230,20150415T000000,275000,3,2.75,1740,5757,1,0,0,3,7,1740,0,2010,0,98022,47.1941,-121.979,2380,5647
2895800610,20140926T000000,352800,4,2.25,1800,2752,2,0,0,3,8,1800,0,2014,0,98106,47.5167,-122.346,1650,2752
3362400092,20150312T000000,565000,3,2.25,1540,1005,3,0,0,3,8,1540,0,2008,0,98103,47.6828,-122.346,1510,1501
3052700385,20150414T000000,765000,4,2.25,2030,2222,2,0,0,3,9,1610,420,2015,0,98117,47.679,-122.375,1420,2222
2738640040,20150409T000000,644000,4,2.5,3310,4839,2,0,0,3,9,3310,0,2007,0,98072,47.773,-122.161,3240,5280
8024200674,20150223T000000,461000,3,1.5,1270,1416,3,0,0,3,8,1270,0,2007,0,98115,47.6988,-122.317,1270,1413
3353400092,20141223T000000,270500,5,2.5,2406,7093,2,0,0,3,8,2406,0,2006,0,98001,47.2615,-122.252,1767,7093
6003500749,20140701T000000,640000,2,2.25,1540,965,3,0,0,3,9,1540,0,2007,0,98122,47.6181,-122.318,1410,964
8956200530,20140805T000000,457000,4,2.5,2820,6983,2,0,0,3,9,2820,0,2013,0,98001,47.2958,-122.265,2597,7222
133000271,20141201T000000,355000,5,2.5,2540,5100,2,0,0,3,7,2540,0,2014,0,98168,47.5123,-122.316,1400,9440
6749700063,20141215T000000,356000,2,2.25,1230,989,3,0,0,3,8,1230,0,2007,0,98103,47.6975,-122.348,1230,1223
3278613060,20140805T000000,425000,4,2.5,1900,2766,2,0,0,3,8,1900,0,2014,0,98106,47.543,-122.368,1900,2604
7708200880,20140923T000000,562500,5,2.75,2920,6327,2,0,0,3,8,2920,0,2007,0,98059,47.4935,-122.145,2520,5026
2767600673,20140701T000000,460000,3,2.5,1450,1053,2,0,0,3,8,940,510,2008,0,98107,47.6754,-122.374,1410,1080
7299810040,20150406T000000,790000,4,3,5370,69848,2,0,0,3,10,3500,1870,2005,0,98042,47.3166,-122.046,4443,94403
993000308,20150318T000000,401000,3,2,1270,1333,3,0,0,3,8,1270,0,2006,0,98103,47.6933,-122.342,1330,1333
3364900040,20140828T000000,1.10E+06,3,2.5,2550,5100,2,0,0,3,9,2550,0,2014,0,98115,47.6757,-122.326,1250,4080
9578090180,20150403T000000,850000,4,3,3070,7150,2,0,0,3,9,3070,0,2007,0,98052,47.7079,-122.107,3200,6984
9542840120,20140702T000000,274500,3,2.25,1450,4050,2,0,0,3,7,1450,0,2010,0,98038,47.367,-122.019,1660,3800
3860900035,20150415T000000,1.94E+06,5,3.5,4230,16526,2,0,0,3,10,4230,0,2008,0,98004,47.5933,-122.199,3000,12362
7202300040,20140804T000000,808000,4,2.5,3480,6262,2,0,0,3,9,3480,0,2003,0,98053,47.6857,-122.045,3490,6629
1773100972,20140515T000000,312000,3,2.25,1490,974,2,0,0,3,7,1220,270,2009,0,98106,47.5567,-122.363,1490,1283
3626039424,20140616T000000,320000,3,2.25,1200,1400,3,0,0,3,8,1200,0,2005,0,98133,47.7046,-122.357,1370,6552
3175200220,20150113T000000,410000,3,2.5,2150,4332,2,0,0,3,8,2150,0,2013,0,98019,47.7373,-121.969,2140,4332
7852120120,20140620T000000,725000,3,3.5,3690,8837,2,0,0,3,10,3690,0,2001,0,98065,47.5402,-121.876,3690,9585
7813500040,20141015T000000,335000,4,2.5,1900,3301,2,0,0,3,7,1900,0,2007,0,98178,47.489,-122.249,1960,3379
7242800040,20150120T000000,519990,4,3.25,1690,1321,2,0,0,3,8,1320,370,2014,0,98052,47.678,-122.117,3080,4558
1442880650,20140610T000000,533112,4,2.75,2790,8853,2,0,0,3,8,2790,0,2013,0,98045,47.4842,-121.772,2790,8092
3355400242,20141028T000000,274900,3,2,1936,6612,2,0,0,3,7,1936,0,2014,0,98001,47.2602,-122.246,1620,21600
8562780540,20141222T000000,325000,2,2.25,1150,711,2,0,0,3,7,1150,0,2013,0,98027,47.5323,-122.07,1150,748
923049203,20140529T000000,350000,4,2.5,2040,22653,2,0,0,3,7,2040,0,2011,0,98168,47.4991,-122.299,2020,20502
3578600141,20140923T000000,550000,4,2.5,2470,7539,2,0,0,3,9,2470,0,2006,0,98028,47.7407,-122.226,2580,7539
53500450,20150309T000000,311850,4,2.5,1890,4158,2,0,0,3,8,1890,0,2014,0,98042,47.343,-122.056,2720,4549
1934800180,20150210T000000,526000,3,2.5,1626,1583,2.5,0,0,3,8,1419,207,2007,0,98122,47.6031,-122.309,1400,1583
3023000210,20141001T000000,375000,4,2.5,2250,5306,2,0,0,3,8,2250,0,2012,0,98038,47.356,-122.057,2250,5306
1773100967,20150223T000000,299999,3,2.25,1350,1234,2,0,0,3,7,1160,190,2007,0,98106,47.5565,-122.363,1420,1234
2767704777,20140919T000000,436000,3,2.5,1460,1238,2,0,0,3,8,1200,260,2008,0,98107,47.6719,-122.374,1280,1257
1085621960,20141212T000000,303000,3,2.5,2056,3564,2,0,0,3,7,2056,0,2014,0,98092,47.338,-122.181,2056,3577
2771602174,20140701T000000,525000,2,2.5,1160,1458,2,0,0,3,8,1040,120,2012,0,98119,47.6384,-122.373,1650,2311
6762700452,20140613T000000,575000,3,3,1384,1287,2,0,0,3,8,1144,240,2006,0,98102,47.6295,-122.32,1570,1288
5695000142,20141024T000000,420000,2,1.5,1100,1107,3,0,0,3,8,1100,0,2008,0,98103,47.6584,-122.35,1110,2750
9578140180,20140611T000000,329950,3,2.5,2456,7566,2,0,0,3,8,2456,0,2012,0,98023,47.297,-122.351,2478,7212
2124069115,20141021T000000,1.83E+06,4,4.25,4500,215186,2,0,3,3,11,2630,1870,2009,0,98029,47.559,-122.045,3030,25447
3864000120,20150408T000000,1.18E+06,4,3.25,3780,10099,1,0,1,3,11,2240,1540,2006,0,98006,47.5508,-122.192,3120,10669
2768200212,20140911T000000,499950,2,2.5,1320,1157,2,0,0,3,8,990,330,2014,0,98107,47.6689,-122.363,1550,1519
7852070210,20140527T000000,1.15E+06,4,3,5940,11533,2,0,4,3,11,4950,990,2004,0,98065,47.5443,-121.87,4240,12813
7853361210,20150218T000000,400000,3,2,1650,5027,1.5,0,0,3,7,1650,0,2009,0,98065,47.515,-121.874,2430,6000
8141310040,20140627T000000,246950,3,3,1670,4440,1,0,0,3,7,1670,0,2014,0,98022,47.1948,-121.975,1670,4622
6852700097,20140806T000000,630000,3,3.25,1610,1275,2,0,0,3,8,1220,390,2005,0,98102,47.6236,-122.318,1750,3000
7708210040,20140912T000000,561000,5,2.75,3370,10315,2,0,0,3,9,3370,0,2006,0,98059,47.4893,-122.146,3010,8296
53500760,20141208T000000,287000,4,2.5,2660,4082,2,0,0,3,7,2660,0,2010,0,98042,47.3414,-122.055,2390,4876
3528900771,20150331T000000,600000,3,3.25,1690,1473,2,0,0,3,8,1380,310,2008,0,98109,47.6397,-122.345,1670,2594
9126100813,20140828T000000,490000,3,2.25,1620,1062,3,0,0,3,8,1620,0,2014,0,98122,47.6051,-122.304,1560,1728
3679400503,20150330T000000,330000,3,1.75,1300,958,2,0,0,3,7,840,460,2011,0,98108,47.5677,-122.314,1340,1254
1760650210,20141201T000000,286950,4,2.5,1610,4052,2,0,0,3,7,1610,0,2013,0,98042,47.3603,-122.081,2110,4034
2652501565,20150423T000000,1.55E+06,3,3.25,3530,4920,2,0,0,3,9,2660,870,2015,0,98109,47.641,-122.357,1900,4200
1237500577,20150212T000000,880000,4,2.5,3550,8618,2,0,0,3,10,3550,0,2007,0,98052,47.6776,-122.161,1310,9746
6382500084,20141013T000000,577450,3,3,1730,1755,3,0,0,3,8,1730,0,2014,0,98117,47.6944,-122.377,1830,1804
3023000410,20150430T000000,405000,5,2.75,2400,4900,2,0,0,3,8,2400,0,2011,0,98038,47.355,-122.057,2110,5696
2767601752,20140707T000000,510000,3,2.5,1420,1237,3,0,0,3,8,1420,0,2014,0,98107,47.674,-122.387,1510,2501
2771604196,20140812T000000,465000,2,1.5,1220,1120,2.5,0,0,3,8,1110,110,2008,0,98199,47.6374,-122.388,2010,3175
1778500620,20140707T000000,1.30E+06,4,2.25,2360,4000,2,0,0,3,9,2360,0,2013,0,98112,47.6198,-122.289,3040,4400
1823059241,20150408T000000,609000,4,3.5,3990,11270,2,0,3,3,9,2930,1060,2007,0,98055,47.488,-122.225,1980,11328
9267200062,20140911T000000,336000,3,2.5,1260,1211,3,0,0,3,8,1260,0,2004,0,98103,47.6969,-122.343,1270,1211
3278606110,20150108T000000,375000,3,2.5,1580,2407,2,0,0,3,8,1580,0,2013,0,98126,47.5455,-122.368,1580,2212
1657530180,20141204T000000,294500,3,2.5,1760,2688,2,0,0,3,7,1760,0,2005,0,98059,47.4903,-122.166,1760,2329
2754700035,20141125T000000,925000,5,3.5,3420,4216,2,0,0,3,9,2520,900,2008,0,98115,47.6799,-122.304,1420,4500
2568200120,20141215T000000,730000,5,2.75,2870,6593,2,0,0,3,9,2870,0,2006,0,98052,47.7075,-122.102,3150,6593
6601200040,20140919T000000,280000,4,2.5,1934,5677,2,0,0,3,8,1934,0,2013,0,98001,47.2602,-122.252,1919,5049
2767601750,20140815T000000,500000,3,1.5,1220,962,3,0,0,3,8,1220,0,2014,0,98107,47.674,-122.387,1510,2501
7853350220,20150324T000000,605000,3,2.75,2450,5750,2,0,0,3,9,2450,0,2013,0,98065,47.5439,-121.862,3200,8036
6163900628,20140516T000000,379950,3,3.25,1860,1787,3,0,0,3,8,1860,0,2007,0,98155,47.7563,-122.316,1830,1787
1689401526,20150323T000000,605000,3,2.5,1500,1119,3,0,2,3,7,1110,390,2008,0,98109,47.6327,-122.346,1500,1057
8725950360,20150501T000000,720000,2,1.75,1570,1108,3,0,0,3,9,1570,0,2007,0,98004,47.6215,-122.2,1940,1160
9826700697,20141103T000000,549900,3,2,1280,960,2,0,0,3,9,1040,240,2014,0,98122,47.602,-122.311,1280,1173
9578500180,20150121T000000,427000,3,2.5,3192,5653,2,0,0,3,8,3192,0,2014,0,98023,47.2956,-122.35,3000,5134
9826700707,20141028T000000,492000,3,2.5,1690,1479,3,0,0,3,8,1420,270,2005,0,98122,47.6022,-122.311,1280,1253
8138870530,20140505T000000,419190,2,2.5,1590,1426,2,0,0,3,8,1590,0,2014,0,98029,47.5441,-122.013,1590,1426
4188300180,20141112T000000,650000,3,2.5,2870,7288,2,0,0,3,9,2870,0,2012,0,98011,47.7745,-122.225,2870,5998
5416510530,20141124T000000,379950,4,2.5,2580,4818,2,0,0,3,8,2580,0,2005,0,98038,47.3607,-122.038,2570,5386
4181200540,20140728T000000,269800,4,2.75,1830,3420,2,0,0,3,8,1830,0,2012,0,98198,47.366,-122.308,1813,3420
2222059154,20140813T000000,407000,4,2.5,2927,6000,2,0,0,3,7,2927,0,2011,0,98042,47.3737,-122.16,2533,6000
8032700072,20150415T000000,580000,3,1.5,1320,1250,3,0,0,3,8,1320,0,2008,0,98103,47.6536,-122.341,1560,1694
7203140220,20150116T000000,389700,3,2.5,1720,3581,2,0,0,3,7,1720,0,2011,0,98053,47.6861,-122.013,1720,3600
1278000210,20150311T000000,110000,2,1,828,4524,1,0,0,3,6,828,0,1968,2007,98001,47.2655,-122.244,828,5402
6058600220,20140731T000000,230000,3,1.5,1040,1264,2,0,0,3,9,900,140,2015,0,98144,47.5951,-122.301,1350,3000
1442880610,20140829T000000,533380,4,2.75,2790,6685,2,0,0,3,8,2790,0,2014,0,98045,47.4838,-121.773,2790,6444
3679400484,20140918T000000,295500,3,2.5,1410,1332,2,0,0,3,7,960,450,2014,0,98108,47.5683,-122.314,1410,1343
3825310180,20141007T000000,860000,4,4.5,4040,8400,2,0,0,3,9,3220,820,2006,0,98052,47.7067,-122.131,3940,8400
3630220180,20140708T000000,812000,4,3.5,3370,3634,2,0,0,3,9,2750,620,2007,0,98029,47.5519,-122.001,3200,3650
3336500180,20140605T000000,324500,3,2.5,1660,3990,2,0,0,3,7,1660,0,2009,0,98118,47.5298,-122.268,1670,4050
2781270530,20150326T000000,193000,2,1.75,910,2550,1,0,0,3,6,910,0,2004,0,98038,47.3494,-122.022,1310,2550
993001563,20140522T000000,355000,3,2.25,1280,959,3,0,0,3,8,1280,0,2005,0,98103,47.6914,-122.343,1130,1126
9578060540,20140614T000000,525000,4,2.75,2360,4924,2,0,0,3,8,2360,0,2008,0,98028,47.7737,-122.235,2360,4670
2222059052,20150227T000000,370950,3,2.5,2529,9653,2,0,0,3,7,2529,0,2012,0,98042,47.3738,-122.161,2533,6125
1239400650,20141107T000000,1.24E+06,4,3.5,4700,10183,1,0,2,3,11,2660,2040,2002,0,98033,47.6728,-122.189,3770,9000
8835800450,20150504T000000,950000,3,2.5,2780,275033,1,0,0,3,10,2780,0,2006,0,98045,47.4496,-121.766,1680,16340
293070120,20140918T000000,888990,4,2.75,3540,5500,2,0,0,3,9,3540,0,2014,0,98074,47.6181,-122.056,3540,5500
1176001117,20150319T000000,705000,3,2.5,1580,1321,2,0,2,3,8,1080,500,2014,0,98107,47.6688,-122.402,1530,1357
7889601165,20140826T000000,268000,3,2.5,1700,2250,2,0,0,3,7,1700,0,2014,0,98168,47.4914,-122.334,1520,4500
7227801581,20140507T000000,305450,3,2.5,1600,3573,2,0,0,3,7,1600,0,2013,0,98056,47.507,-122.181,1500,11089
9895000040,20140703T000000,399900,2,1.75,1410,1005,1.5,0,0,3,9,900,510,2011,0,98027,47.5446,-122.018,1440,1188
9528102993,20141229T000000,495000,3,1.5,1580,1228,3,0,0,3,8,1580,0,2014,0,98115,47.6765,-122.32,1580,3605
3746700120,20141104T000000,857326,3,3.5,3940,11632,2,0,0,3,10,3940,0,2014,0,98166,47.438,-122.344,2015,11632
745530040,20140911T000000,845950,5,2.75,4450,9600,2,0,0,3,9,3650,800,2014,0,98011,47.7336,-122.21,4000,9750
7299600180,20140610T000000,303210,4,2.5,2009,5000,2,0,0,3,8,2009,0,2014,0,98092,47.2577,-122.198,2009,5182
2149800278,20141015T000000,343000,6,5,2732,7655,2,0,0,3,7,2732,0,2009,0,98002,47.3045,-122.211,3078,69993
2517000650,20140716T000000,300000,3,2.5,2090,4590,2,0,0,3,7,2090,0,2005,0,98042,47.3992,-122.163,2190,4060
6021503708,20141122T000000,334900,2,2.5,980,1013,3,0,0,3,8,980,0,2008,0,98117,47.6844,-122.387,980,1023
8559300120,20150416T000000,477500,5,3.5,2815,5619,2,0,0,3,9,2815,0,2012,0,98055,47.4299,-122.207,2583,5295
3305100230,20140618T000000,820000,4,2.5,3170,8523,2,0,0,3,9,3170,0,2008,0,98033,47.6854,-122.184,3230,8523
2135200155,20140805T000000,580000,5,3.25,3030,7410,2,0,0,3,8,2150,880,2014,0,98106,47.553,-122.354,2020,7410
2919700109,20140722T000000,350000,2,2.5,1280,940,2,0,0,3,8,1060,220,2006,0,98103,47.6904,-122.364,1290,2900
8725950220,20150226T000000,910000,3,2.5,2030,1160,3,0,0,3,9,1970,60,2007,0,98004,47.6213,-122.2,1950,1160
1776230220,20140626T000000,414000,3,2.5,2490,4540,2.5,0,0,3,8,2490,0,2012,0,98059,47.5051,-122.155,2640,3844
9211010230,20150330T000000,525000,3,2.5,3030,4500,2,0,0,3,8,3030,0,2009,0,98059,47.4944,-122.15,3030,4501
1972201772,20150409T000000,650000,2,2.5,1470,690,3,0,3,3,8,1470,0,2008,0,98103,47.6523,-122.346,1480,1284
9268851320,20141210T000000,450000,3,2.25,1620,997,2.5,0,0,3,8,1540,80,2012,0,98027,47.5394,-122.027,1620,1068
1424059154,20140516T000000,1.27E+06,4,3,5520,8313,2,0,3,3,9,3570,1950,2008,0,98006,47.5655,-122.129,3770,8278
626059365,20150412T000000,699000,3,3.5,3200,10344,2,0,0,3,10,3200,0,2007,0,98011,47.7636,-122.216,2550,20152
3885802136,20140723T000000,899000,4,2.5,2580,3943,2,0,0,3,8,2580,0,2013,0,98033,47.6853,-122.21,1700,5772
7967000150,20140808T000000,353500,4,3,2050,4000,2,0,0,3,8,2050,0,2014,0,98001,47.3523,-122.275,2050,4000
7853360720,20140908T000000,485000,3,2.5,2430,5867,2,0,0,3,7,2430,0,2011,0,98065,47.5162,-121.872,2620,5866
8562790150,20140626T000000,782900,4,3.25,3060,3898,2,0,0,3,10,2300,760,2014,0,98027,47.5311,-122.073,2920,3448
1226039124,20150428T000000,529000,2,2,1540,9714,2,0,0,3,8,1540,0,2008,0,98177,47.7628,-122.359,1840,8179
2767704251,20150416T000000,514700,3,3.25,1310,1072,2,0,0,3,8,1060,250,2008,0,98107,47.6744,-122.374,1160,1266
3862710210,20140520T000000,409316,3,2.5,1800,3168,2,0,0,3,8,1800,0,2014,0,98065,47.5342,-121.841,1800,3393
255460330,20150506T000000,388598,3,2.5,2370,4200,2,0,0,3,8,2370,0,2014,0,98038,47.3699,-122.019,2370,4370
291310610,20150227T000000,415000,3,2.25,1445,1512,2,0,0,3,7,1300,145,2004,0,98027,47.5341,-122.069,1445,1082
9126101121,20150407T000000,521500,3,2.25,1450,1619,2,0,0,3,8,1140,310,2006,0,98122,47.6076,-122.304,1580,3472
9274200322,20140820T000000,580000,3,2.5,1740,1236,3,0,2,3,8,1740,0,2008,0,98116,47.5891,-122.387,1740,1280
6666830230,20140630T000000,882566,4,2.5,3560,5265,3,0,0,3,8,3560,0,2014,0,98052,47.7047,-122.113,3220,4892
1604601803,20150408T000000,525000,3,2.75,2130,1400,2,0,0,3,9,1080,1050,2010,0,98118,47.5661,-122.29,1880,3132
7702080150,20141201T000000,515000,5,2.75,2980,4502,2,0,0,3,9,2980,0,2007,0,98028,47.7698,-122.235,2850,4501
7853400220,20140926T000000,589410,3,3,2840,7201,2,0,0,3,9,2840,0,2014,0,98065,47.5165,-121.883,2540,5260
3895100039,20150324T000000,757500,4,2.5,3420,6845,2,0,0,3,9,3420,0,2009,0,98052,47.6777,-122.156,2800,5715
7697000150,20141002T000000,284000,3,2.5,1660,4083,2,0,0,3,7,1660,0,2013,0,98038,47.3595,-122.045,1800,4087
8562780530,20150328T000000,338500,2,2.25,1150,711,2,0,0,3,7,1150,0,2013,0,98027,47.5323,-122.071,1150,748
291310180,20140613T000000,379500,3,2.25,1410,1287,2,0,0,3,7,1290,120,2005,0,98027,47.5344,-122.068,1490,1435
1972205633,20140723T000000,550000,3,2,1420,1369,2.5,0,0,3,9,1340,80,2007,0,98109,47.6472,-122.357,1540,2168
3023000120,20140902T000000,294900,3,2.5,1860,5025,2,0,0,3,8,1860,0,2010,0,98038,47.3557,-122.059,2000,5550
7548301056,20140609T000000,345000,2,1.5,1340,1210,2,0,0,3,8,1120,220,2008,0,98144,47.588,-122.305,1340,1213
9826701201,20150209T000000,450000,2,1.5,1530,1012,2,0,0,3,8,1200,330,2005,0,98122,47.602,-122.306,1530,1425
6300500476,20150415T000000,420000,3,2.5,1509,1114,3,0,0,3,8,1509,0,2014,0,98133,47.7049,-122.34,1509,2431
2597490410,20150402T000000,740000,3,2.5,2350,3798,2,0,0,3,8,2350,0,2013,0,98029,47.543,-122.01,2020,3532
3448001411,20150220T000000,286000,2,1.5,1010,825,3,0,0,3,7,1010,0,2007,0,98125,47.7124,-122.301,1128,1080
745530180,20150317T000000,870000,5,3.5,4495,10079,2,0,0,3,9,3580,915,2013,0,98011,47.7339,-122.209,4495,10079
3879900753,20141114T000000,727000,3,2.5,1580,991,3,0,0,3,9,1580,0,2009,0,98119,47.6276,-122.359,1610,1297
2781230230,20150204T000000,395000,4,3,2750,7965,2,0,0,3,9,2750,0,2012,0,98038,47.3479,-122.028,2750,6000
3629990180,20140805T000000,535000,4,2.25,1890,3615,2,0,0,3,7,1890,0,2005,0,98029,47.5493,-121.999,1630,3280
9352900222,20141229T000000,255000,3,2.25,1320,963,2,0,0,3,7,1040,280,2007,0,98106,47.5199,-122.357,1300,1285
7338220120,20141015T000000,260000,4,2.5,2150,3721,2,0,0,3,8,2150,0,2006,0,98002,47.3363,-122.217,2150,3721
325059287,20140910T000000,810000,4,2.5,3340,8384,2,0,0,3,9,3340,0,2014,0,98052,47.6761,-122.152,1560,9429
7203140360,20141201T000000,359782,3,2.5,1850,3400,2,0,0,3,7,1850,0,2010,0,98053,47.6871,-122.014,1850,3400
6056110150,20150320T000000,500000,2,2.5,1950,2162,2,0,0,3,9,1500,450,2012,0,98118,47.5622,-122.292,1800,2457
7203230040,20141027T000000,1.05E+06,5,3.25,4240,9588,2,0,0,3,9,4240,0,2014,0,98053,47.6901,-122.018,4080,8425
8121100155,20150225T000000,810000,4,3.5,2700,2868,2,0,0,3,11,1920,780,2006,0,98118,47.5685,-122.286,1430,3858
7853370620,20150206T000000,605000,5,4,3040,6000,2,0,0,3,8,2280,760,2011,0,98065,47.5189,-121.876,3070,5558
6400700264,20150317T000000,730000,4,2.5,2460,7930,2,0,0,3,8,2460,0,2005,0,98033,47.6684,-122.175,1850,9000
1760650880,20150317T000000,327000,4,2.5,2110,3825,2,0,0,3,7,2110,0,2013,0,98042,47.359,-122.082,1950,3825
567000382,20141110T000000,370000,2,1,780,1133,2,0,0,3,7,780,0,2009,0,98144,47.5924,-122.295,1130,1270
7852100150,20140625T000000,459000,5,3.5,2640,6895,2,0,0,3,7,2640,0,2001,0,98065,47.5298,-121.879,2640,5267
6447300365,20141113T000000,2.90E+06,5,4,5190,14600,2,0,1,3,11,5190,0,2013,0,98039,47.6102,-122.225,3840,19250
2622059197,20141210T000000,365000,4,2.5,2420,8404,2,0,0,3,8,2420,0,2013,0,98042,47.372,-122.13,2440,4822
1389600040,20141226T000000,255000,4,2.5,1987,6000,2,0,0,3,7,1987,0,2011,0,98001,47.2679,-122.255,1880,9589
9276200220,20140717T000000,375000,1,1,720,3166,1,0,0,3,6,720,0,1920,0,98116,47.5811,-122.389,1140,6250
7904700032,20141002T000000,375000,2,1.5,1130,912,2,0,0,3,8,1000,130,2006,0,98116,47.5638,-122.388,1500,1474
3744000040,20140722T000000,518380,4,2.5,2810,4500,2,0,0,3,9,2810,0,2014,0,98038,47.3552,-122.023,2980,5046
1773100604,20140721T000000,346000,3,3.25,1500,1442,2,0,0,3,8,1150,350,2007,0,98106,47.5592,-122.362,1500,1533
9268850360,20150223T000000,302059,4,2,1390,745,3,0,0,3,7,1390,0,2008,0,98027,47.5393,-122.026,1390,942
7853420450,20140519T000000,575000,4,2.5,2500,4945,2,0,0,3,9,2500,0,2013,0,98065,47.5185,-121.885,2760,6000
8956200770,20140723T000000,549950,4,3.5,3906,9674,2,0,2,3,9,3906,0,2014,0,98001,47.2931,-122.264,2673,6500
2424059170,20150219T000000,900000,5,6,7120,40806,2,0,4,3,12,5480,1640,2007,0,98006,47.5451,-122.114,3440,36859
1934800133,20140711T000000,397500,3,2.5,1470,1256,2,0,0,3,8,930,540,2006,0,98122,47.6033,-122.309,1510,1797
5556300109,20141121T000000,1.08E+06,5,3.5,3230,7560,2,0,0,3,10,3230,0,2007,0,98052,47.6467,-122.118,3230,8580
2326600150,20150422T000000,775900,3,2.5,2700,5764,2,0,0,3,9,2700,0,2014,0,98075,47.5618,-122.027,3270,14700
3751600409,20150508T000000,510000,4,2.5,4073,17334,2,0,0,3,8,4073,0,2008,0,98001,47.2949,-122.27,1780,9625
3814900210,20140829T000000,471275,4,2.5,3361,5038,2,0,0,3,9,3361,0,2014,0,98092,47.3269,-122.165,2316,4105
9542840730,20140911T000000,288000,4,2.25,1610,3560,2,0,0,3,7,1610,0,2010,0,98038,47.3669,-122.02,1760,3692
2937300540,20141016T000000,989990,4,3.5,3830,7150,2,0,0,3,9,3830,0,2014,0,98052,47.7049,-122.126,3640,6055
7549800543,20140612T000000,300000,3,3.25,1470,1235,2,0,0,3,7,1180,290,2008,0,98108,47.5537,-122.313,1470,1243
4058800439,20140623T000000,664950,5,3,3190,7081,1,0,2,3,9,1890,1300,2013,0,98178,47.509,-122.24,2270,7623
7853430180,20140716T000000,699188,4,3.25,3250,5478,2,0,0,3,9,3250,0,2014,0,98065,47.5178,-121.887,3250,5482
982850120,20150303T000000,390000,3,2.25,1490,4539,2,0,0,3,7,1490,0,2009,0,98028,47.7607,-122.233,1750,4667
9476010120,20150321T000000,670000,5,2.75,2900,5155,2,0,0,3,8,2900,0,2008,0,98075,47.5977,-122.008,2900,6176
5200087,20140709T000000,487000,4,2.5,2540,5001,2,0,0,3,9,2540,0,2005,0,98108,47.5423,-122.302,2360,6834
7308600040,20140723T000000,769995,5,2.75,3360,12080,2,0,0,3,9,3360,0,2014,0,98011,47.7757,-122.173,3360,9724
1498301048,20140508T000000,321950,2,1.25,860,1277,2,0,0,3,7,860,0,2007,0,98144,47.5842,-122.314,1280,1265
2738630040,20150427T000000,613500,4,2.5,3020,6068,2,0,0,3,9,3020,0,2006,0,98072,47.773,-122.16,3240,5757
6300500081,20140806T000000,300000,3,2.5,1330,1200,3,0,0,3,7,1330,0,2002,0,98133,47.7034,-122.344,1330,1206
3845100620,20141125T000000,400950,4,2.5,2578,4554,2,0,0,3,9,2578,0,2014,0,98092,47.2603,-122.194,2647,4554
255450040,20140918T000000,389517,4,2.5,2640,4725,2,0,0,3,8,2640,0,2014,0,98038,47.371,-122.017,2370,4725
880000211,20140821T000000,255000,3,1.75,1260,1133,2,0,0,3,7,810,450,2011,0,98106,47.5261,-122.361,1260,1172
